ID,Name
9545558,John Smith
9242921,Emily Johnson
9179967,Michael Brown
9012300,Jessica Miller
8975220,David Wilson
8925620,Sarah Davis
8851739,James Anderson
8823212,Ashley Thomas
8743289,Robert Moore
8596884,Jennifer Taylor
8576543,William Jackson
8433803,Megan Harris
8401297,Charles White
8321005,Amanda Martin
8230701,Matthew Thompson
8061927,Laura Garcia
7772524,Christopher Martinez
7711361,Olivia Robinson
7554830,Daniel Clark
7453137,Samantha Lewis
7232613,Ethan Walker
7085293,Sophia Hall
7029190,Andrew Allen
6767343,Hannah Young
6518042,Joshua Hernandez
6474107,Grace King
6398418,Benjamin Wright
6116255,Madison Scott
6028743,Alexander Green
5851793,Victoria Baker
5791354,Jacob Adams
5444602,Abigail Nelson
5428335,Ryan Carter
5268463,Chloe Mitchell
5267678,Nicholas Perez
5163860,Ella Roberts
4955542,Jonathan Turner
4604797,Avery Phillips
4443802,Tyler Campbell
4348130,Lily Parker
4232401,Samuel Evans
4148193,Zoe Edwards
4073163,Nathan Collins
4068078,Mia Stewart
3947585,Henry Morris
3670213,Isabella Rogers
3593855,Jack Reed
3514060,Lillian Cook
3495209,Jackson Morgan
3396024,Natalie Bell
3262012,Lucas Murphy
3186923,Amelia Bailey
3146901,Owen Rivera
2968103,Aubrey Cooper
2804830,Connor Richardson
2735151,Charlotte Cox
2731635,Logan Howard
2694673,Scarlett Ward
2637486,Dylan Brooks
2609058,Ella Barnes
2476180,Brayden Ross
2341929,Grace Kim
2333887,Isaac Richard
2323514,Sophie Bennett
2303287,Carter James
2262031,Aria Long
1955028,Gabriel Foster
1935030,Nora Butler
1846212,Gavin Sanders
1754512,Leah Price
1749847,Austin Patterson
1623079,Alyssa Hughes
1538589,Evan Flores
1512409,Stella Washington
1500087,Caleb Simmons
1461997,Violet Watson
1396529,Brandon Alexander
1303434,Audrey Bryant
1298190,Landon Russell
1261281,Brooklyn Griffin
1035420,Cole Diaz
1019046,Hazel Hayes
0781745,Emily Ann Watson
7458543,James Michael Thompson
4157153,Sarah Jane Williams
5364657,David Alan Parker
3964893,Jessica Marie Evans
