ID,氏名,ふりがな
1396529,田中太郎,たなかたろう
4148193,山田花子,やまだはなこ
0477385,鈴木一郎,すずきいちろう
1538589,佐藤まゆみ,さとうまゆみ
3396024,高橋健太,たかはしかんた
9545558,渡辺美奈子,わたなべみなこ
8230701,伊藤良子,いとうよしこ
6474107,山口隆司,やまぐちたくじ
4443802,小林さち子,こばやしさちこ
1500087,中村哲也,なかむらてつや
1019046,加藤真由美,かとうまゆみ
7453137,吉田悠介,よしだゆうすけ
2323514,山本麻美,やまもとまみ
1623079,斉藤剛,さいとうつよし
4232401,木村美佳,きむらみか
1461997,林秀明,はやしひであき
8743289,斎藤千秋,さいとうちあき
5851793,岡田浩二,おかだこうじ
2341929,佐々木瑠美,ささきるみ
8321005,松本大輔,まつもとだいすけ
2804830,井上理香,いのうえりか
8576543,木下陽子,きのしたようこ
2303287,山内健太郎,やまうちけんたろう
2609058,小川真紀,おがわまき
7085293,石井明子,いしいあきこ
8433803,後藤雅彦,ごとうまさひこ
6028743,岡本美咲,おかもとみさき
3262012,大野隆之,おおのたくゆき
6518042,西村美穂,にしむらみほ
0016496,福田健一,ふくだけんいち
1749847,村上麗子,むらかみれいこ
5163860,三浦大地,みうらだいち
2968103,中島朋子,なかじまともこ
7029190,藤田智也,ふじたともや
6767343,岩崎美咲,いわさきみさき
6116255,吉岡大輔,よしおかだいすけ
2262031,佐野真由美,さのまゆみ
1303434,杉山光太郎,すぎやまこうたろう
7772524,松田知美,まつだともみ
7711361,菊地雅彦,きくちまさひこ
1846212,高田さやか,たかださやか
8925620,川上俊介,かわかみしゅんすけ
1955028,松井美穂,まついみほ
3670213,原田健一,はらだけんいち
2637486,尾崎由美,おざきゆみ
4068078,中野太一,なかのたいち
1512409,小西麗子,こにしれいこ
1935030,江藤哲也,えとうてつや
1035420,小野田美希,おのだみき
0145782,島田和也,しまだかずや
8061927,大塚麻衣,おおつかまい
3947585,松岡啓太,まつおかけいた
4604797,小島愛美,こじままなみ
5267678,新井浩之,あらいひろゆき
4348130,平野真由美,ひらのまゆみ
5268463,大城健太,おおしろけんた
8401297,村田美智子,むらたみちこ
5428335,浜田慎一,はまだしんいち
9012300,石田美沙子,いしだみさこ
4955542,佐久間孝太,さくまこうた
1298190,小山さやか,こやまさやか
1261281,大谷隆太,おおたにりゅうた
7554830,松浦奈美,まつうらなみ
4073163,高木健太,たかぎけんた
0579949,菅野智子,すがのともこ
7232613,河野雅美,こうのまさみ
2476180,新田智也,にったともや
6398418,菊池恵美子,きくちえみこ
0781745,古川剛,ふるかわつよし
0716181,横山麻衣,よこやままい
9242921,岡田英樹,おかだひでき
9179967,中川真由美,なかがわまゆみ
3593855,荒井大輔,あらいだいすけ
2735151,大木麗子,おおきれいこ
8975220,中山光太,なかやまこうた
5444602,平田愛美,ひらたまなみ
1754512,宮本哲也,みやもとてつや
3495209,吉川美香,よしかわみか
3514060,林健太郎,はやしかんたろう
8823212,阿部由香,あべゆか
8596884,村田和也,むらたかずや
8851739,酒井美穂,さかいみほ
3146901,宮田健太,みやたけんた
5791354,齊藤美紀,さいとうみき
3186923,高田智彦,たかだともひこ
2731635,大野麻衣子,おおのまいこ
2694673,吉村大樹,よしむらだいき
2333887,田村理香,たむらりか